dataset,accuracy,specificity,sensitivity,precision
test_generator,0.8666666666666667,0.9333333333333333,0.8,0.9230769230769231
