model_0,model_1
0.42903399040853935,0.5709660095914606
