model_0,model_1,model_2
0.7156980679493073,0.0941464492760848,0.19015548277460798
