model_0,model_1,model_2
0.4356990756515298,0.42151777867241585,0.1427831456760543
