model_0,model_1
0.422117527866069,0.5778824721339311
