model_0,model_1,model_2
0.2070904007027201,0.33998234274442934,0.45292725655285065
