model_0,model_1,model_2
0.3193946653352518,0.20040002529441633,0.48020530937033185
