model_0,model_1,model_2
0.01886656360920902,0.32931145825707714,0.6518219781337139
