model_0,model_1
0.7657142721925803,0.23428572780741977
