model_0,model_1,model_2
0.031223639222009648,0.5262812565296446,0.4424951042483457
