model_0,model_1
0.8933626800588619,0.10663731994113813
