model_0,model_1,model_2
0.6492864515741353,0.27227572663510496,0.07843782179075971
