dataset,accuracy,specificity,sensitivity,precision
test_generator,0.8,0.7333333333333333,0.8666666666666667,0.7647058823529411
