model_0,model_1,model_2
0.655141596013812,0.1215577099699539,0.2233006940162342
