model_0,model_1,model_2
0.15191498374082643,0.4550832318757143,0.3930017843834593
