dataset,accuracy,specificity,sensitivity,precision
test_generator,0.8333333333333334,0.9333333333333333,0.7333333333333333,0.9166666666666666
