model_0,model_1
0.220292846715144,0.7797071532848561
