model_0,model_1
0.8313021333372307,0.16869786666276923
