model_0,model_1,model_2
0.7326130632861126,0.05347251795905474,0.21391441875483272
