model_0,model_1,model_2
0.2625345782177312,0.3023868159267182,0.4350786058555507
