model_0,model_1
0.618260593408906,0.38173940659109395
