model_0,model_1
0.6022578568234831,0.3977421431765168
