model_0,model_1
0.3656868767420908,0.6343131232579091
