model_0,model_1,model_2
0.676587884765332,0.22464051623692305,0.09877159899774496
