model_0,model_1,model_2
0.2863515534603908,0.4357194844549458,0.27792896208466333
