model_0,model_1
0.5202200706238553,0.4797799293761447
