model_0,model_1,model_2
0.7448126682367534,0.013659760824722566,0.24152757093852398
