model_0,model_1
0.13082653781556625,0.8691734621844337
