model_0,model_1
0.7060762515443709,0.2939237484556291
