model_0,model_1
0.19933908962776614,0.8006609103722339
