model_0,model_1,model_2
0.005687160109729871,0.6494572574859048,0.3448555824043653
