model_0,model_1,model_2
0.0035658051805262103,0.06834162883946983,0.928092565980004
