model_0,model_1
0.14814143743299582,0.8518585625670042
