model_0,model_1,model_2
0.4506848743959362,0.355026224860567,0.1942889007434968
