model_0,model_1,model_2
0.6264446187922094,0.02703863087712976,0.34651675033066087
