model_0,model_1,model_2
0.3633896809831605,0.6328758996185964,0.003734419398243183
