model_0,model_1,model_2
0.739294382221709,0.19171907950481848,0.06898653827347252
