model_0,model_1
0.9178357460689167,0.08216425393108331
