model_0,model_1,model_2
0.6712505612699382,0.013079955223888075,0.3156694835061737
