dataset,accuracy,specificity,sensitivity,precision
train_generator,0.696969696969697,0.6470588235294118,0.75,0.6666666666666666
dataset,accuracy,specificity,sensitivity,precision
validation_generator,0.7575757575757576,0.6875,0.8235294117647058,0.7368421052631579
dataset,accuracy,specificity,sensitivity,precision
test_generator,0.7333333333333333,0.6666666666666666,0.8,0.7058823529411765
