model_0,model_1
0.06823581543900857,0.9317641845609914
