dataset,accuracy,specificity,sensitivity,precision
test_generator,0.8666666666666667,0.8666666666666667,0.8666666666666667,0.8666666666666667
