model_0,model_1,model_2
0.21554054055155275,0.22174142946056302,0.5627180299878842
