model_0,model_1,model_2
0.3805196963974333,0.3610309498290583,0.25844935377350853
