model_0,model_1,model_2
0.023890404994361982,0.2871968679682897,0.6889127270373483
