model_0,model_1
0.12407390209135571,0.8759260979086443
