dataset,accuracy,specificity,sensitivity,precision
train_generator,0.8636363636363636,0.9565217391304348,0.7619047619047619,0.9411764705882353
dataset,accuracy,specificity,sensitivity,precision
validation_generator,0.7878787878787878,0.9333333333333333,0.6666666666666666,0.9230769230769231
dataset,accuracy,specificity,sensitivity,precision
test_generator,0.8,0.9333333333333333,0.6666666666666666,0.9090909090909091
