dataset,accuracy,specificity,sensitivity,precision
test_generator,0.9333333333333333,0.9333333333333333,0.9333333333333333,0.9333333333333333
