model_0,model_1
0.38409856343773735,0.6159014365622627
