dataset,accuracy,specificity,sensitivity,precision
train_generator,0.7803030303030303,0.9516129032258065,0.6285714285714286,0.9361702127659575
dataset,accuracy,specificity,sensitivity,precision
validation_generator,0.9090909090909091,1.0,0.7272727272727273,1.0
dataset,accuracy,specificity,sensitivity,precision
test_generator,0.8,0.9333333333333333,0.6666666666666666,0.9090909090909091
