model_0,model_1
0.7445426962532561,0.2554573037467439
