model_0,model_1
0.6099758646157646,0.39002413538423547
