dataset,accuracy,specificity,sensitivity,precision
test_generator,0.7666666666666667,0.8666666666666667,0.6666666666666666,0.8333333333333334
