model_0,model_1,model_2
0.15009074787069013,0.801787770920176,0.048121481209133884
