model_0,model_1
0.727569702801812,0.272430297198188
