model_0,model_1
0.3082423540863419,0.6917576459136582
