dataset,accuracy,specificity,sensitivity,precision
test_generator,0.7333333333333333,0.9333333333333333,0.5333333333333333,0.8888888888888888
