model_0,model_1
0.5945923525816762,0.4054076474183238
