model_0,model_1
0.7354291576047577,0.26457084239524226
