model_0,model_1
0.8851963160729255,0.11480368392707455
